timestamp,apartment,floorplan,floorplan_id,sqft,visible_units,min_rent,median_rent,max_rent,min_rent_per_sqft,median_rent_per_sqft,max_rent_per_sqft,newly_visible_units,price_reductions,earliest_move_in
2026-07-12T21:24:20+00:00,Building A,layout-0cd20d37,layout-id-fd556c01,1117,1,"$5,329","$5,329","$5,329",$4.77,$4.77,$4.77,0,0,Jul 16
2026-07-12T21:24:20+00:00,Building A,layout-16a36e86,layout-id-af1e9cfa,767,6,"$3,759","$3,935.50","$4,017",$4.90,$5.13,$5.24,0,0,Immediate
2026-07-12T21:24:20+00:00,Building A,layout-44d6a8a7,layout-id-9d709221,618,2,"$3,757","$3,841","$3,925",$6.08,$6.21,$6.35,0,0,Immediate
2026-07-12T21:24:20+00:00,Building A,layout-abdbc2b5,layout-id-0e981ccc,1080,5,"$5,167","$5,256","$5,395",$4.78,$4.87,$5.00,0,0,Immediate
2026-07-12T21:24:20+00:00,Building A,layout-c8361f9b,layout-id-af2a3fbd,709,2,"$3,931","$3,975","$4,019",$5.54,$5.60,$5.67,0,0,Jul 16
2026-07-12T21:31:59+00:00,Building A,layout-0cd20d37,layout-id-fd556c01,1117,1,"$5,329","$5,329","$5,329",$4.77,$4.77,$4.77,0,0,Jul 16
2026-07-12T21:31:59+00:00,Building A,layout-16a36e86,layout-id-af1e9cfa,767,6,"$3,759","$3,935.50","$4,017",$4.90,$5.13,$5.24,0,0,Immediate
2026-07-12T21:31:59+00:00,Building A,layout-44d6a8a7,layout-id-9d709221,618,2,"$3,757","$3,841","$3,925",$6.08,$6.21,$6.35,0,0,Immediate
2026-07-12T21:31:59+00:00,Building A,layout-abdbc2b5,layout-id-0e981ccc,1080,5,"$5,167","$5,256","$5,395",$4.78,$4.87,$5.00,0,0,Immediate
2026-07-12T21:31:59+00:00,Building A,layout-c8361f9b,layout-id-af2a3fbd,709,2,"$3,931","$3,975","$4,019",$5.54,$5.60,$5.67,0,0,Jul 16
2026-07-12T21:36:02+00:00,Building A,layout-0cd20d37,layout-id-fd556c01,1117,1,"$5,329","$5,329","$5,329",$4.77,$4.77,$4.77,0,0,Jul 16
2026-07-12T21:36:02+00:00,Building A,layout-16a36e86,layout-id-af1e9cfa,767,6,"$3,759","$3,935.50","$4,017",$4.90,$5.13,$5.24,0,0,Immediate
2026-07-12T21:36:02+00:00,Building A,layout-44d6a8a7,layout-id-9d709221,618,2,"$3,757","$3,841","$3,925",$6.08,$6.21,$6.35,0,0,Immediate
2026-07-12T21:36:02+00:00,Building A,layout-abdbc2b5,layout-id-0e981ccc,1080,5,"$5,167","$5,256","$5,395",$4.78,$4.87,$5.00,0,0,Immediate
2026-07-12T21:36:02+00:00,Building A,layout-c8361f9b,layout-id-af2a3fbd,709,2,"$3,931","$3,975","$4,019",$5.54,$5.60,$5.67,0,0,Jul 16
2026-07-13T15:44:31+00:00,Building A,layout-0cd20d37,layout-id-fd556c01,1117,1,"$5,489","$5,489","$5,489",$4.91,$4.91,$4.91,0,0,Jul 16
2026-07-13T15:44:31+00:00,Building A,layout-16a36e86,layout-id-af1e9cfa,767,6,"$3,759","$3,935.50","$4,017",$4.90,$5.13,$5.24,0,0,Immediate
2026-07-13T15:44:31+00:00,Building A,layout-44d6a8a7,layout-id-9d709221,618,2,"$3,757","$3,841","$3,925",$6.08,$6.21,$6.35,0,0,Immediate
2026-07-13T15:44:31+00:00,Building A,layout-abdbc2b5,layout-id-0e981ccc,1080,5,"$5,323","$5,416","$5,535",$4.93,$5.01,$5.13,0,0,Immediate
2026-07-13T15:44:31+00:00,Building A,layout-c8361f9b,layout-id-af2a3fbd,709,2,"$3,931","$3,975","$4,019",$5.54,$5.60,$5.67,0,0,Jul 16
2026-07-14T14:56:04+00:00,Building A,layout-0cd20d37,layout-id-fd556c01,1117,1,"$5,489","$5,489","$5,489",$4.91,$4.91,$4.91,0,0,Jul 16
2026-07-14T14:56:04+00:00,Building A,layout-16a36e86,layout-id-af1e9cfa,767,6,"$3,759","$3,935.50","$4,017",$4.90,$5.13,$5.24,0,0,Immediate
2026-07-14T14:56:04+00:00,Building A,layout-44d6a8a7,layout-id-9d709221,618,2,"$3,757","$3,841","$3,925",$6.08,$6.21,$6.35,0,0,Immediate
2026-07-14T14:56:04+00:00,Building A,layout-4e808094,layout-id-1f421da1,779,1,"$3,853","$3,853","$3,853",$4.95,$4.95,$4.95,1,0,Sep 18
2026-07-14T14:56:04+00:00,Building A,layout-abdbc2b5,layout-id-0e981ccc,1080,5,"$5,323","$5,416","$5,534",$4.93,$5.01,$5.12,0,1,Immediate
2026-07-14T14:56:04+00:00,Building A,layout-c8361f9b,layout-id-af2a3fbd,709,2,"$3,931","$3,975","$4,019",$5.54,$5.60,$5.67,0,0,Jul 16
2026-07-15T14:55:10+00:00,Building A,layout-0cd20d37,layout-id-fd556c01,1117,1,"$5,489","$5,489","$5,489",$4.91,$4.91,$4.91,0,0,Jul 16
2026-07-15T14:55:10+00:00,Building A,layout-16a36e86,layout-id-af1e9cfa,767,6,"$3,759","$3,935.50","$4,017",$4.90,$5.13,$5.24,0,0,Immediate
2026-07-15T14:55:10+00:00,Building A,layout-44d6a8a7,layout-id-9d709221,618,2,"$3,757","$3,841","$3,925",$6.08,$6.21,$6.35,0,0,Immediate
2026-07-15T14:55:10+00:00,Building A,layout-4e808094,layout-id-1f421da1,779,1,"$3,853","$3,853","$3,853",$4.95,$4.95,$4.95,0,0,Sep 18
2026-07-15T14:55:10+00:00,Building A,layout-abdbc2b5,layout-id-0e981ccc,1080,5,"$5,323","$5,416","$5,534",$4.93,$5.01,$5.12,0,1,Immediate
2026-07-15T14:55:10+00:00,Building A,layout-c8361f9b,layout-id-af2a3fbd,709,2,"$3,931","$3,975","$4,019",$5.54,$5.60,$5.67,0,0,Jul 16
2026-07-16T00:41:35+00:00,Building A,layout-0cd20d37,layout-id-fd556c01,1117,1,"$5,489","$5,489","$5,489",$4.91,$4.91,$4.91,0,0,Immediate
2026-07-16T00:41:35+00:00,Building A,layout-16a36e86,layout-id-af1e9cfa,767,5,"$3,759","$3,949","$4,017",$4.90,$5.15,$5.24,0,0,Immediate
2026-07-16T00:41:35+00:00,Building A,layout-44d6a8a7,layout-id-9d709221,618,2,"$3,757","$3,841","$3,925",$6.08,$6.21,$6.35,0,0,Immediate
2026-07-16T00:41:35+00:00,Building A,layout-4e808094,layout-id-1f421da1,779,1,"$3,853","$3,853","$3,853",$4.95,$4.95,$4.95,0,0,Sep 18
2026-07-16T00:41:35+00:00,Building A,layout-abdbc2b5,layout-id-0e981ccc,1080,5,"$5,323","$5,416","$5,534",$4.93,$5.01,$5.12,0,0,Immediate
2026-07-16T00:41:35+00:00,Building A,layout-c8361f9b,layout-id-af2a3fbd,709,2,"$3,931","$3,975","$4,019",$5.54,$5.60,$5.67,0,0,Immediate
2026-07-16T00:45:11+00:00,Building A,layout-0cd20d37,layout-id-fd556c01,1117,1,"$5,489","$5,489","$5,489",$4.91,$4.91,$4.91,0,0,Immediate
2026-07-16T00:45:11+00:00,Building A,layout-16a36e86,layout-id-af1e9cfa,767,5,"$3,759","$3,949","$4,017",$4.90,$5.15,$5.24,0,0,Immediate
2026-07-16T00:45:11+00:00,Building A,layout-44d6a8a7,layout-id-9d709221,618,2,"$3,757","$3,841","$3,925",$6.08,$6.21,$6.35,0,0,Immediate
2026-07-16T00:45:11+00:00,Building A,layout-4e808094,layout-id-1f421da1,779,1,"$3,853","$3,853","$3,853",$4.95,$4.95,$4.95,0,0,Sep 18
2026-07-16T00:45:11+00:00,Building A,layout-abdbc2b5,layout-id-0e981ccc,1080,5,"$5,323","$5,416","$5,534",$4.93,$5.01,$5.12,0,0,Immediate
2026-07-16T00:45:11+00:00,Building A,layout-c8361f9b,layout-id-af2a3fbd,709,2,"$3,931","$3,975","$4,019",$5.54,$5.60,$5.67,0,0,Immediate
2026-07-16T15:05:23+00:00,Building A,layout-0cd20d37,layout-id-fd556c01,1117,1,"$5,489","$5,489","$5,489",$4.91,$4.91,$4.91,0,0,Immediate
2026-07-16T15:05:23+00:00,Building A,layout-16a36e86,layout-id-af1e9cfa,767,5,"$3,832","$3,995","$4,095",$5.00,$5.21,$5.34,0,0,Immediate
2026-07-16T15:05:23+00:00,Building A,layout-44d6a8a7,layout-id-9d709221,618,2,"$3,757","$3,841","$3,925",$6.08,$6.21,$6.35,0,0,Immediate
2026-07-16T15:05:23+00:00,Building A,layout-4e808094,layout-id-1f421da1,779,1,"$3,853","$3,853","$3,853",$4.95,$4.95,$4.95,0,0,Sep 18
2026-07-16T15:05:23+00:00,Building A,layout-abdbc2b5,layout-id-0e981ccc,1080,5,"$5,323","$5,416","$5,534",$4.93,$5.01,$5.12,0,1,Immediate
2026-07-16T15:05:23+00:00,Building A,layout-c8361f9b,layout-id-af2a3fbd,709,2,"$3,931","$4,012","$4,093",$5.54,$5.65,$5.77,0,0,Immediate
2026-07-17T14:45:54+00:00,Building A,layout-0cd20d37,layout-id-fd556c01,1117,2,"$5,349","$5,349","$5,349",$4.79,$4.79,$4.79,1,1,Immediate
2026-07-17T14:45:54+00:00,Building A,layout-16a36e86,layout-id-af1e9cfa,767,5,"$3,832","$3,995","$4,095",$5.00,$5.21,$5.34,0,0,Immediate
2026-07-17T14:45:54+00:00,Building A,layout-44d6a8a7,layout-id-9d709221,618,2,"$3,757","$3,841","$3,925",$6.08,$6.21,$6.35,0,0,Immediate
2026-07-17T14:45:54+00:00,Building A,layout-4e808094,layout-id-1f421da1,779,1,"$3,853","$3,853","$3,853",$4.95,$4.95,$4.95,0,0,Sep 18
2026-07-17T14:45:54+00:00,Building A,layout-abdbc2b5,layout-id-0e981ccc,1080,5,"$5,248","$5,323","$5,533",$4.86,$4.93,$5.12,0,4,Immediate
2026-07-17T14:45:54+00:00,Building A,layout-c8361f9b,layout-id-af2a3fbd,709,2,"$3,931","$4,012","$4,093",$5.54,$5.65,$5.77,0,0,Immediate
2026-07-18T14:21:01+00:00,Building A,layout-0cd20d37,layout-id-fd556c01,1117,2,"$5,349","$5,349","$5,349",$4.79,$4.79,$4.79,0,0,Immediate
2026-07-18T14:21:01+00:00,Building A,layout-16a36e86,layout-id-af1e9cfa,767,5,"$3,832","$3,995","$4,095",$5.00,$5.21,$5.34,0,0,Immediate
2026-07-18T14:21:01+00:00,Building A,layout-44d6a8a7,layout-id-9d709221,618,2,"$3,757","$3,841","$3,925",$6.08,$6.21,$6.35,0,0,Immediate
2026-07-18T14:21:01+00:00,Building A,layout-4e808094,layout-id-1f421da1,779,1,"$3,853","$3,853","$3,853",$4.95,$4.95,$4.95,0,0,Sep 18
2026-07-18T14:21:01+00:00,Building A,layout-abdbc2b5,layout-id-0e981ccc,1080,5,"$5,248","$5,323","$5,533",$4.86,$4.93,$5.12,0,1,Immediate
2026-07-18T14:21:01+00:00,Building A,layout-c8361f9b,layout-id-af2a3fbd,709,2,"$3,931","$4,012","$4,093",$5.54,$5.65,$5.77,0,0,Immediate
2026-07-19T14:24:31+00:00,Building A,layout-0cd20d37,layout-id-fd556c01,1117,2,"$5,349","$5,349","$5,349",$4.79,$4.79,$4.79,0,0,Immediate
2026-07-19T14:24:31+00:00,Building A,layout-16a36e86,layout-id-af1e9cfa,767,5,"$3,832","$3,979","$4,095",$5.00,$5.19,$5.34,0,1,Immediate
2026-07-19T14:24:31+00:00,Building A,layout-44d6a8a7,layout-id-9d709221,618,2,"$3,757","$3,841","$3,925",$6.08,$6.21,$6.35,0,0,Immediate
2026-07-19T14:24:31+00:00,Building A,layout-4e808094,layout-id-1f421da1,779,1,"$3,853","$3,853","$3,853",$4.95,$4.95,$4.95,0,0,Sep 18
2026-07-19T14:24:31+00:00,Building A,layout-5ba2c833,layout-id-35495353,1214,1,"$5,251","$5,251","$5,251",$4.33,$4.33,$4.33,1,0,Aug 5
2026-07-19T14:24:31+00:00,Building A,layout-abdbc2b5,layout-id-0e981ccc,1080,5,"$5,248","$5,315","$5,533",$4.86,$4.92,$5.12,0,1,Immediate
2026-07-19T14:24:31+00:00,Building A,layout-c8361f9b,layout-id-af2a3fbd,709,2,"$3,931","$4,012","$4,093",$5.54,$5.65,$5.77,0,0,Immediate
2026-07-20T15:13:33+00:00,Building A,layout-0cd20d37,layout-id-fd556c01,1117,2,"$5,349","$5,349","$5,349",$4.79,$4.79,$4.79,0,0,Immediate
2026-07-20T15:13:33+00:00,Building A,layout-16a36e86,layout-id-af1e9cfa,767,5,"$3,832","$3,962","$4,095",$5.00,$5.17,$5.34,0,1,Immediate
2026-07-20T15:13:33+00:00,Building A,layout-44d6a8a7,layout-id-9d709221,618,2,"$3,757","$3,841","$3,925",$6.08,$6.21,$6.35,0,0,Immediate
2026-07-20T15:13:33+00:00,Building A,layout-4e808094,layout-id-1f421da1,779,1,"$3,853","$3,853","$3,853",$4.95,$4.95,$4.95,0,0,Sep 18
2026-07-20T15:13:33+00:00,Building A,layout-5ba2c833,layout-id-35495353,1214,1,"$5,251","$5,251","$5,251",$4.33,$4.33,$4.33,0,0,Aug 5
2026-07-20T15:13:33+00:00,Building A,layout-abdbc2b5,layout-id-0e981ccc,1080,5,"$5,248","$5,300","$5,533",$4.86,$4.91,$5.12,0,1,Immediate
2026-07-20T15:13:33+00:00,Building A,layout-c8361f9b,layout-id-af2a3fbd,709,2,"$3,931","$4,012","$4,093",$5.54,$5.65,$5.77,0,0,Immediate
2026-07-21T15:06:05+00:00,Building A,layout-0cd20d37,layout-id-fd556c01,1117,2,"$5,299","$5,299","$5,299",$4.74,$4.74,$4.74,0,2,Immediate
2026-07-21T15:06:05+00:00,Building A,layout-16a36e86,layout-id-af1e9cfa,767,5,"$3,832","$3,949","$4,095",$5.00,$5.15,$5.34,0,1,Immediate
2026-07-21T15:06:05+00:00,Building A,layout-44d6a8a7,layout-id-9d709221,618,2,"$3,757","$3,841","$3,925",$6.08,$6.21,$6.35,0,0,Immediate
2026-07-21T15:06:05+00:00,Building A,layout-4e808094,layout-id-1f421da1,779,1,"$3,853","$3,853","$3,853",$4.95,$4.95,$4.95,0,0,Sep 18
2026-07-21T15:06:05+00:00,Building A,layout-5ba2c833,layout-id-35495353,1214,1,"$5,201","$5,201","$5,201",$4.28,$4.28,$4.28,0,1,Aug 5
2026-07-21T15:06:05+00:00,Building A,layout-abdbc2b5,layout-id-0e981ccc,1080,5,"$5,198","$5,236","$5,483",$4.81,$4.85,$5.08,0,5,Immediate
2026-07-21T15:06:05+00:00,Building A,layout-c8361f9b,layout-id-af2a3fbd,709,2,"$3,931","$4,012","$4,093",$5.54,$5.65,$5.77,0,0,Immediate
2026-07-21T19:25:53+00:00,Building A,layout-0cd20d37,layout-id-fd556c01,1117,2,"$5,299","$5,299","$5,299",$4.74,$4.74,$4.74,0,0,Immediate
2026-07-21T19:25:53+00:00,Building A,layout-16a36e86,layout-id-af1e9cfa,767,5,"$3,832","$3,949","$4,095",$5.00,$5.15,$5.34,0,0,Immediate
2026-07-21T19:25:53+00:00,Building A,layout-44d6a8a7,layout-id-9d709221,618,2,"$3,757","$3,841","$3,925",$6.08,$6.21,$6.35,0,0,Immediate
2026-07-21T19:25:53+00:00,Building A,layout-4e808094,layout-id-1f421da1,779,1,"$3,853","$3,853","$3,853",$4.95,$4.95,$4.95,0,0,Sep 18
2026-07-21T19:25:53+00:00,Building A,layout-5ba2c833,layout-id-35495353,1214,1,"$5,201","$5,201","$5,201",$4.28,$4.28,$4.28,0,0,Aug 5
2026-07-21T19:25:53+00:00,Building A,layout-abdbc2b5,layout-id-0e981ccc,1080,5,"$5,198","$5,236","$5,483",$4.81,$4.85,$5.08,0,0,Immediate
2026-07-21T19:25:53+00:00,Building A,layout-c8361f9b,layout-id-af2a3fbd,709,2,"$3,931","$4,012","$4,093",$5.54,$5.65,$5.77,0,0,Immediate
2026-07-21T19:48:31+00:00,Building A,layout-0cd20d37,layout-id-fd556c01,1117,2,"$5,299","$5,299","$5,299",$4.74,$4.74,$4.74,0,0,Immediate
2026-07-21T19:48:31+00:00,Building A,layout-16a36e86,layout-id-af1e9cfa,767,5,"$3,832","$3,949","$4,095",$5.00,$5.15,$5.34,0,0,Immediate
2026-07-21T19:48:31+00:00,Building A,layout-44d6a8a7,layout-id-9d709221,618,2,"$3,757","$3,841","$3,925",$6.08,$6.21,$6.35,0,0,Immediate
2026-07-21T19:48:31+00:00,Building A,layout-4e808094,layout-id-1f421da1,779,1,"$3,853","$3,853","$3,853",$4.95,$4.95,$4.95,0,0,Sep 18
2026-07-21T19:48:31+00:00,Building A,layout-5ba2c833,layout-id-35495353,1214,1,"$5,201","$5,201","$5,201",$4.28,$4.28,$4.28,0,0,Aug 5
2026-07-21T19:48:31+00:00,Building A,layout-abdbc2b5,layout-id-0e981ccc,1080,5,"$5,198","$5,236","$5,483",$4.81,$4.85,$5.08,0,0,Immediate
2026-07-21T19:48:31+00:00,Building A,layout-c8361f9b,layout-id-af2a3fbd,709,2,"$3,931","$4,012","$4,093",$5.54,$5.65,$5.77,0,0,Immediate
2026-07-21T19:52:25+00:00,Building A,layout-0cd20d37,layout-id-fd556c01,1117,2,"$5,299","$5,299","$5,299",$4.74,$4.74,$4.74,0,0,Immediate
2026-07-21T19:52:25+00:00,Building A,layout-16a36e86,layout-id-af1e9cfa,767,5,"$3,832","$3,949","$4,095",$5.00,$5.15,$5.34,0,0,Immediate
2026-07-21T19:52:25+00:00,Building A,layout-44d6a8a7,layout-id-9d709221,618,2,"$3,757","$3,841","$3,925",$6.08,$6.21,$6.35,0,0,Immediate
2026-07-21T19:52:25+00:00,Building A,layout-4e808094,layout-id-1f421da1,779,1,"$3,853","$3,853","$3,853",$4.95,$4.95,$4.95,0,0,Sep 18
2026-07-21T19:52:25+00:00,Building A,layout-5ba2c833,layout-id-35495353,1214,1,"$5,201","$5,201","$5,201",$4.28,$4.28,$4.28,0,0,Aug 5
2026-07-21T19:52:25+00:00,Building A,layout-abdbc2b5,layout-id-0e981ccc,1080,5,"$5,198","$5,236","$5,483",$4.81,$4.85,$5.08,0,0,Immediate
2026-07-21T19:52:25+00:00,Building A,layout-c8361f9b,layout-id-af2a3fbd,709,2,"$3,931","$4,012","$4,093",$5.54,$5.65,$5.77,0,0,Immediate
2026-07-21T20:24:51+00:00,Building A,layout-0cd20d37,layout-id-fd556c01,1117,2,"$5,299","$5,299","$5,299",$4.74,$4.74,$4.74,0,0,Immediate
2026-07-21T20:24:51+00:00,Building A,layout-16a36e86,layout-id-af1e9cfa,767,5,"$3,832","$3,949","$4,095",$5.00,$5.15,$5.34,0,0,Immediate
2026-07-21T20:24:51+00:00,Building A,layout-44d6a8a7,layout-id-9d709221,618,2,"$3,757","$3,841","$3,925",$6.08,$6.21,$6.35,0,0,Immediate
2026-07-21T20:24:51+00:00,Building A,layout-4e808094,layout-id-1f421da1,779,1,"$3,853","$3,853","$3,853",$4.95,$4.95,$4.95,0,0,Sep 18
2026-07-21T20:24:51+00:00,Building A,layout-5ba2c833,layout-id-35495353,1214,1,"$5,201","$5,201","$5,201",$4.28,$4.28,$4.28,0,0,Aug 5
2026-07-21T20:24:51+00:00,Building A,layout-abdbc2b5,layout-id-0e981ccc,1080,5,"$5,198","$5,236","$5,483",$4.81,$4.85,$5.08,0,0,Immediate
2026-07-21T20:24:51+00:00,Building A,layout-c8361f9b,layout-id-af2a3fbd,709,2,"$3,931","$4,012","$4,093",$5.54,$5.65,$5.77,0,0,Immediate
2026-07-21T20:26:12+00:00,Building A,layout-0cd20d37,layout-id-fd556c01,1117,2,"$5,299","$5,299","$5,299",$4.74,$4.74,$4.74,0,0,Immediate
2026-07-21T20:26:12+00:00,Building A,layout-16a36e86,layout-id-af1e9cfa,767,5,"$3,832","$3,949","$4,095",$5.00,$5.15,$5.34,0,0,Immediate
2026-07-21T20:26:12+00:00,Building A,layout-44d6a8a7,layout-id-9d709221,618,2,"$3,757","$3,841","$3,925",$6.08,$6.21,$6.35,0,0,Immediate
2026-07-21T20:26:12+00:00,Building A,layout-4e808094,layout-id-1f421da1,779,1,"$3,853","$3,853","$3,853",$4.95,$4.95,$4.95,0,0,Sep 18
2026-07-21T20:26:12+00:00,Building A,layout-5ba2c833,layout-id-35495353,1214,1,"$5,201","$5,201","$5,201",$4.28,$4.28,$4.28,0,0,Aug 5
2026-07-21T20:26:12+00:00,Building A,layout-abdbc2b5,layout-id-0e981ccc,1080,5,"$5,198","$5,236","$5,483",$4.81,$4.85,$5.08,0,0,Immediate
2026-07-21T20:26:12+00:00,Building A,layout-c8361f9b,layout-id-af2a3fbd,709,2,"$3,931","$4,012","$4,093",$5.54,$5.65,$5.77,0,0,Immediate
2026-07-21T20:32:23+00:00,Building A,layout-0cd20d37,layout-id-fd556c01,1117,2,"$5,299","$5,299","$5,299",$4.74,$4.74,$4.74,0,0,Immediate
2026-07-21T20:32:23+00:00,Building A,layout-16a36e86,layout-id-af1e9cfa,767,5,"$3,832","$3,949","$4,095",$5.00,$5.15,$5.34,0,0,Immediate
2026-07-21T20:32:23+00:00,Building A,layout-44d6a8a7,layout-id-9d709221,618,2,"$3,757","$3,841","$3,925",$6.08,$6.21,$6.35,0,0,Immediate
2026-07-21T20:32:23+00:00,Building A,layout-4e808094,layout-id-1f421da1,779,1,"$3,853","$3,853","$3,853",$4.95,$4.95,$4.95,0,0,Sep 18
2026-07-21T20:32:23+00:00,Building A,layout-5ba2c833,layout-id-35495353,1214,1,"$5,201","$5,201","$5,201",$4.28,$4.28,$4.28,0,0,Aug 5
2026-07-21T20:32:23+00:00,Building A,layout-abdbc2b5,layout-id-0e981ccc,1080,5,"$5,198","$5,236","$5,483",$4.81,$4.85,$5.08,0,0,Immediate
2026-07-21T20:32:23+00:00,Building A,layout-c8361f9b,layout-id-af2a3fbd,709,2,"$3,931","$4,012","$4,093",$5.54,$5.65,$5.77,0,0,Immediate
2026-07-22T00:40:24+00:00,Building A,layout-0cd20d37,layout-id-fd556c01,1117,2,"$5,299","$5,299","$5,299",$4.74,$4.74,$4.74,0,0,Immediate
2026-07-22T00:40:24+00:00,Building A,layout-16a36e86,layout-id-af1e9cfa,767,5,"$3,832","$3,949","$4,095",$5.00,$5.15,$5.34,0,0,Immediate
2026-07-22T00:40:24+00:00,Building A,layout-44d6a8a7,layout-id-9d709221,618,2,"$3,757","$3,841","$3,925",$6.08,$6.21,$6.35,0,0,Immediate
2026-07-22T00:40:24+00:00,Building A,layout-4e808094,layout-id-1f421da1,779,1,"$3,853","$3,853","$3,853",$4.95,$4.95,$4.95,0,0,Sep 18
2026-07-22T00:40:24+00:00,Building A,layout-5ba2c833,layout-id-35495353,1214,1,"$5,201","$5,201","$5,201",$4.28,$4.28,$4.28,0,0,Aug 5
2026-07-22T00:40:24+00:00,Building A,layout-abdbc2b5,layout-id-0e981ccc,1080,5,"$5,198","$5,236","$5,483",$4.81,$4.85,$5.08,0,0,Immediate
2026-07-22T00:40:24+00:00,Building A,layout-c8361f9b,layout-id-af2a3fbd,709,2,"$3,931","$4,012","$4,093",$5.54,$5.65,$5.77,0,0,Immediate
2026-07-22T15:07:33+00:00,Building A,layout-0cd20d37,layout-id-fd556c01,1117,2,"$5,299","$5,299","$5,299",$4.74,$4.74,$4.74,0,0,Immediate
2026-07-22T15:07:33+00:00,Building A,layout-16a36e86,layout-id-af1e9cfa,767,5,"$3,832","$3,949","$4,095",$5.00,$5.15,$5.34,0,2,Immediate
2026-07-22T15:07:33+00:00,Building A,layout-44d6a8a7,layout-id-9d709221,618,2,"$3,757","$3,841","$3,925",$6.08,$6.21,$6.35,0,0,Immediate
2026-07-22T15:07:33+00:00,Building A,layout-4e808094,layout-id-1f421da1,779,1,"$3,853","$3,853","$3,853",$4.95,$4.95,$4.95,0,0,Sep 18
2026-07-22T15:07:33+00:00,Building A,layout-5ba2c833,layout-id-35495353,1214,1,"$5,201","$5,201","$5,201",$4.28,$4.28,$4.28,0,0,Aug 5
2026-07-22T15:07:33+00:00,Building A,layout-abdbc2b5,layout-id-0e981ccc,1080,5,"$5,198","$5,228","$5,483",$4.81,$4.84,$5.08,0,1,Immediate
2026-07-22T15:07:33+00:00,Building A,layout-c8361f9b,layout-id-af2a3fbd,709,2,"$3,931","$4,012","$4,093",$5.54,$5.65,$5.77,0,0,Immediate
2026-07-22T22:58:26+00:00,Building A,layout-0cd20d37,layout-id-fd556c01,1117,2,"$5,299","$5,299","$5,299",$4.74,$4.74,$4.74,0,0,Immediate
2026-07-22T22:58:26+00:00,Building A,layout-16a36e86,layout-id-af1e9cfa,767,5,"$3,832","$3,949","$4,095",$5.00,$5.15,$5.34,0,0,Immediate
2026-07-22T22:58:26+00:00,Building A,layout-44d6a8a7,layout-id-9d709221,618,2,"$3,757","$3,841","$3,925",$6.08,$6.21,$6.35,0,0,Immediate
2026-07-22T22:58:26+00:00,Building A,layout-4e808094,layout-id-1f421da1,779,1,"$3,853","$3,853","$3,853",$4.95,$4.95,$4.95,0,0,Sep 18
2026-07-22T22:58:26+00:00,Building A,layout-5ba2c833,layout-id-35495353,1214,1,"$5,201","$5,201","$5,201",$4.28,$4.28,$4.28,0,0,Aug 5
2026-07-22T22:58:26+00:00,Building A,layout-abdbc2b5,layout-id-0e981ccc,1080,5,"$5,198","$5,228","$5,483",$4.81,$4.84,$5.08,0,0,Immediate
2026-07-22T22:58:26+00:00,Building A,layout-c8361f9b,layout-id-af2a3fbd,709,2,"$3,931","$4,012","$4,093",$5.54,$5.65,$5.77,0,0,Immediate
2026-07-22T23:06:11+00:00,Building A,layout-0cd20d37,layout-id-fd556c01,1117,2,"$5,299","$5,299","$5,299",$4.74,$4.74,$4.74,0,0,Immediate
2026-07-22T23:06:11+00:00,Building A,layout-16a36e86,layout-id-af1e9cfa,767,5,"$3,832","$3,949","$4,095",$5.00,$5.15,$5.34,0,0,Immediate
2026-07-22T23:06:11+00:00,Building A,layout-44d6a8a7,layout-id-9d709221,618,2,"$3,757","$3,841","$3,925",$6.08,$6.21,$6.35,0,0,Immediate
2026-07-22T23:06:11+00:00,Building A,layout-4e808094,layout-id-1f421da1,779,1,"$3,853","$3,853","$3,853",$4.95,$4.95,$4.95,0,0,Sep 18
2026-07-22T23:06:11+00:00,Building A,layout-5ba2c833,layout-id-35495353,1214,1,"$5,201","$5,201","$5,201",$4.28,$4.28,$4.28,0,0,Aug 5
2026-07-22T23:06:11+00:00,Building A,layout-abdbc2b5,layout-id-0e981ccc,1080,5,"$5,198","$5,228","$5,483",$4.81,$4.84,$5.08,0,0,Immediate
2026-07-22T23:06:11+00:00,Building A,layout-c8361f9b,layout-id-af2a3fbd,709,2,"$3,931","$4,012","$4,093",$5.54,$5.65,$5.77,0,0,Immediate
2026-07-22T23:39:46+00:00,Building A,layout-0cd20d37,layout-id-fd556c01,1117,2,"$5,299","$5,299","$5,299",$4.74,$4.74,$4.74,0,0,Immediate
2026-07-22T23:39:46+00:00,Building A,layout-16a36e86,layout-id-af1e9cfa,767,5,"$3,832","$3,949","$4,095",$5.00,$5.15,$5.34,0,0,Immediate
2026-07-22T23:39:46+00:00,Building A,layout-44d6a8a7,layout-id-9d709221,618,2,"$3,757","$3,841","$3,925",$6.08,$6.21,$6.35,0,0,Immediate
2026-07-22T23:39:46+00:00,Building A,layout-4e808094,layout-id-1f421da1,779,1,"$3,853","$3,853","$3,853",$4.95,$4.95,$4.95,0,0,Sep 18
2026-07-22T23:39:46+00:00,Building A,layout-5ba2c833,layout-id-35495353,1214,1,"$5,201","$5,201","$5,201",$4.28,$4.28,$4.28,0,0,Aug 5
2026-07-22T23:39:46+00:00,Building A,layout-abdbc2b5,layout-id-0e981ccc,1080,5,"$5,198","$5,228","$5,483",$4.81,$4.84,$5.08,0,0,Immediate
2026-07-22T23:39:46+00:00,Building A,layout-c8361f9b,layout-id-af2a3fbd,709,2,"$3,931","$4,012","$4,093",$5.54,$5.65,$5.77,0,0,Immediate
2026-07-22T23:47:21+00:00,Building A,layout-abdbc2b5,layout-id-0e981ccc,1080,5,"$5,198","$5,228","$5,483",$4.81,$4.84,$5.08,0,0,Immediate
2026-07-22T23:47:21+00:00,Building A,layout-4e808094,layout-id-1f421da1,779,1,"$3,853","$3,853","$3,853",$4.95,$4.95,$4.95,0,0,Sep 18
2026-07-22T23:47:21+00:00,Building A,layout-5ba2c833,layout-id-35495353,1214,1,"$5,201","$5,201","$5,201",$4.28,$4.28,$4.28,0,0,Aug 5
2026-07-22T23:47:21+00:00,Building A,layout-44d6a8a7,layout-id-9d709221,618,2,"$3,757","$3,841","$3,925",$6.08,$6.21,$6.35,0,0,Immediate
2026-07-22T23:47:21+00:00,Building A,layout-16a36e86,layout-id-af1e9cfa,767,5,"$3,832","$3,949","$4,095",$5.00,$5.15,$5.34,0,0,Immediate
2026-07-22T23:47:21+00:00,Building A,layout-c8361f9b,layout-id-af2a3fbd,709,2,"$3,931","$4,012","$4,093",$5.54,$5.65,$5.77,0,0,Immediate
2026-07-22T23:47:21+00:00,Building A,layout-0cd20d37,layout-id-fd556c01,1117,2,"$5,299","$5,299","$5,299",$4.74,$4.74,$4.74,0,0,Immediate
2026-07-23T15:11:21+00:00,Building A,layout-abdbc2b5,layout-id-0e981ccc,1080,5,"$5,198","$5,228","$5,483",$4.81,$4.84,$5.08,0,0,Immediate
2026-07-23T15:11:21+00:00,Building A,layout-4e808094,layout-id-1f421da1,779,1,"$3,853","$3,853","$3,853",$4.95,$4.95,$4.95,0,0,Sep 18
2026-07-23T15:11:21+00:00,Building A,layout-5ba2c833,layout-id-35495353,1214,1,"$5,201","$5,201","$5,201",$4.28,$4.28,$4.28,0,0,Aug 5
2026-07-23T15:11:21+00:00,Building A,layout-44d6a8a7,layout-id-9d709221,618,2,"$3,757","$3,841","$3,925",$6.08,$6.21,$6.35,0,0,Immediate
2026-07-23T15:11:21+00:00,Building A,layout-16a36e86,layout-id-af1e9cfa,767,5,"$3,832","$3,949","$4,095",$5.00,$5.15,$5.34,0,2,Immediate
2026-07-23T15:11:21+00:00,Building A,layout-c8361f9b,layout-id-af2a3fbd,709,2,"$3,931","$4,012","$4,093",$5.54,$5.65,$5.77,0,0,Immediate
2026-07-23T15:11:21+00:00,Building A,layout-0cd20d37,layout-id-fd556c01,1117,2,"$5,299","$5,299","$5,299",$4.74,$4.74,$4.74,0,0,Immediate
2026-07-24T14:58:56+00:00,Building A,layout-abdbc2b5,layout-id-0e981ccc,1080,5,"$5,198","$5,228","$5,483",$4.81,$4.84,$5.08,0,0,Immediate
2026-07-24T14:58:56+00:00,Building A,layout-4e808094,layout-id-1f421da1,779,1,"$3,853","$3,853","$3,853",$4.95,$4.95,$4.95,0,0,Sep 18
2026-07-24T14:58:56+00:00,Building A,layout-5ba2c833,layout-id-35495353,1214,1,"$5,201","$5,201","$5,201",$4.28,$4.28,$4.28,0,0,Aug 5
2026-07-24T14:58:56+00:00,Building A,layout-44d6a8a7,layout-id-9d709221,618,2,"$3,757","$3,841","$3,925",$6.08,$6.21,$6.35,0,0,Immediate
2026-07-24T14:58:56+00:00,Building A,layout-16a36e86,layout-id-af1e9cfa,767,5,"$3,832","$3,949","$4,095",$5.00,$5.15,$5.34,0,2,Immediate
2026-07-24T14:58:56+00:00,Building A,layout-c8361f9b,layout-id-af2a3fbd,709,2,"$3,931","$4,012","$4,093",$5.54,$5.65,$5.77,0,0,Immediate
2026-07-24T14:58:56+00:00,Building A,layout-0cd20d37,layout-id-fd556c01,1117,2,"$5,299","$5,299","$5,299",$4.74,$4.74,$4.74,0,0,Immediate
2026-07-25T14:38:47+00:00,Building A,layout-abdbc2b5,layout-id-0e981ccc,1080,5,"$5,198","$5,228","$5,483",$4.81,$4.84,$5.08,0,0,Immediate
2026-07-25T14:38:47+00:00,Building A,layout-4e808094,layout-id-1f421da1,779,1,"$3,853","$3,853","$3,853",$4.95,$4.95,$4.95,0,0,Sep 18
2026-07-25T14:38:47+00:00,Building A,layout-5ba2c833,layout-id-35495353,1214,1,"$5,230","$5,230","$5,230",$4.31,$4.31,$4.31,0,0,Aug 19
2026-07-25T14:38:47+00:00,Building A,layout-44d6a8a7,layout-id-9d709221,618,2,"$3,757","$3,841","$3,925",$6.08,$6.21,$6.35,0,0,Immediate
2026-07-25T14:38:47+00:00,Building A,layout-16a36e86,layout-id-af1e9cfa,767,5,"$3,832","$3,949","$4,095",$5.00,$5.15,$5.34,0,2,Immediate
2026-07-25T14:38:47+00:00,Building A,layout-c8361f9b,layout-id-af2a3fbd,709,2,"$3,931","$4,012","$4,093",$5.54,$5.65,$5.77,0,0,Immediate
2026-07-25T14:38:47+00:00,Building A,layout-0cd20d37,layout-id-fd556c01,1117,2,"$5,299","$5,299","$5,299",$4.74,$4.74,$4.74,0,0,Immediate
2026-07-26T14:38:20+00:00,Building A,layout-abdbc2b5,layout-id-0e981ccc,1080,5,"$5,198","$5,228","$5,483",$4.81,$4.84,$5.08,0,0,Immediate
2026-07-26T14:38:20+00:00,Building A,layout-4e808094,layout-id-1f421da1,779,1,"$3,853","$3,853","$3,853",$4.95,$4.95,$4.95,0,0,Sep 18
2026-07-26T14:38:20+00:00,Building A,layout-5ba2c833,layout-id-35495353,1214,1,"$5,230","$5,230","$5,230",$4.31,$4.31,$4.31,0,0,Aug 19
2026-07-26T14:38:20+00:00,Building A,layout-44d6a8a7,layout-id-9d709221,618,2,"$3,757","$3,841","$3,925",$6.08,$6.21,$6.35,0,0,Immediate
2026-07-26T14:38:20+00:00,Building A,layout-16a36e86,layout-id-af1e9cfa,767,5,"$3,832","$3,949","$4,095",$5.00,$5.15,$5.34,0,2,Immediate
2026-07-26T14:38:20+00:00,Building A,layout-c8361f9b,layout-id-af2a3fbd,709,2,"$3,931","$4,012","$4,093",$5.54,$5.65,$5.77,0,0,Immediate
2026-07-26T14:38:20+00:00,Building A,layout-0cd20d37,layout-id-fd556c01,1117,2,"$5,299","$5,299","$5,299",$4.74,$4.74,$4.74,0,0,Immediate
2026-07-27T15:44:29+00:00,Building A,layout-abdbc2b5,layout-id-0e981ccc,1080,5,"$5,273","$5,316","$5,582",$4.88,$4.92,$5.17,0,0,Immediate
2026-07-27T15:44:29+00:00,Building A,layout-4e808094,layout-id-1f421da1,779,1,"$4,033","$4,033","$4,033",$5.18,$5.18,$5.18,0,0,Sep 18
2026-07-27T15:44:29+00:00,Building A,layout-5ba2c833,layout-id-35495353,1214,1,"$5,329","$5,329","$5,329",$4.39,$4.39,$4.39,0,0,Aug 19
2026-07-27T15:44:29+00:00,Building A,layout-44d6a8a7,layout-id-9d709221,618,2,"$3,757","$3,841","$3,925",$6.08,$6.21,$6.35,0,0,Immediate
2026-07-27T15:44:29+00:00,Building A,layout-16a36e86,layout-id-af1e9cfa,767,5,"$4,007","$4,120","$4,271",$5.22,$5.37,$5.57,0,0,Immediate
2026-07-27T15:44:29+00:00,Building A,layout-c8361f9b,layout-id-af2a3fbd,709,2,"$4,112","$4,194.50","$4,277",$5.80,$5.91,$6.03,0,0,Immediate
2026-07-27T15:44:29+00:00,Building A,layout-0cd20d37,layout-id-fd556c01,1117,2,"$5,383","$5,390.50","$5,398",$4.82,$4.82,$4.83,0,0,Immediate
2026-07-28T15:23:38+00:00,Building A,layout-abdbc2b5,layout-id-0e981ccc,1080,4,"$5,198","$5,224.50","$5,483",$4.81,$4.83,$5.08,0,4,Immediate
2026-07-28T15:23:38+00:00,Building A,layout-4e808094,layout-id-1f421da1,779,1,"$4,033","$4,033","$4,033",$5.18,$5.18,$5.18,0,0,Sep 18
2026-07-28T15:23:38+00:00,Building A,layout-44d6a8a7,layout-id-9d709221,618,2,"$3,757","$3,841","$3,925",$6.08,$6.21,$6.35,0,0,Immediate
2026-07-28T15:23:38+00:00,Building A,layout-16a36e86,layout-id-af1e9cfa,767,5,"$4,007","$4,103","$4,271",$5.22,$5.35,$5.57,0,2,Immediate
2026-07-28T15:23:38+00:00,Building A,layout-c8361f9b,layout-id-af2a3fbd,709,2,"$4,112","$4,194.50","$4,277",$5.80,$5.91,$6.03,0,0,Immediate
2026-07-28T15:23:38+00:00,Building A,layout-0cd20d37,layout-id-fd556c01,1117,2,"$5,270","$5,284.50","$5,299",$4.72,$4.73,$4.74,0,2,Immediate
2026-07-29T15:31:01+00:00,Building A,layout-abdbc2b5,layout-id-0e981ccc,1080,3,"$5,198","$5,268","$5,453",$4.81,$4.88,$5.05,0,1,Immediate
2026-07-29T15:31:01+00:00,Building A,layout-adfa2b24,layout-id-1a6c397d,546,1,"$3,710","$3,710","$3,710",$6.79,$6.79,$6.79,1,0,Sep 3
2026-07-29T15:31:01+00:00,Building A,layout-4e808094,layout-id-1f421da1,779,1,"$4,033","$4,033","$4,033",$5.18,$5.18,$5.18,0,0,Sep 18
2026-07-29T15:31:01+00:00,Building A,layout-44d6a8a7,layout-id-9d709221,618,2,"$3,757","$3,841","$3,925",$6.08,$6.21,$6.35,0,0,Immediate
2026-07-29T15:31:01+00:00,Building A,layout-16a36e86,layout-id-af1e9cfa,767,5,"$4,007","$4,086","$4,271",$5.22,$5.33,$5.57,0,1,Immediate
2026-07-29T15:31:01+00:00,Building A,layout-c8361f9b,layout-id-af2a3fbd,709,2,"$4,112","$4,194.50","$4,277",$5.80,$5.91,$6.03,0,0,Immediate
2026-07-29T15:31:01+00:00,Building A,layout-0cd20d37,layout-id-fd556c01,1117,2,"$5,292","$5,295.50","$5,299",$4.74,$4.74,$4.74,0,0,Immediate
2026-07-30T15:13:23+00:00,Building A,layout-abdbc2b5,layout-id-0e981ccc,1080,3,"$5,417","$5,489","$5,672",$5.02,$5.08,$5.25,0,0,Immediate
2026-07-30T15:13:23+00:00,Building A,layout-adfa2b24,layout-id-1a6c397d,546,1,"$3,761","$3,761","$3,761",$6.89,$6.89,$6.89,0,0,Sep 3
2026-07-30T15:13:23+00:00,Building A,layout-4e808094,layout-id-1f421da1,779,1,"$4,033","$4,033","$4,033",$5.18,$5.18,$5.18,0,0,Sep 18
2026-07-30T15:13:23+00:00,Building A,layout-44d6a8a7,layout-id-9d709221,618,2,"$3,806","$3,891","$3,976",$6.16,$6.29,$6.43,0,0,Immediate
2026-07-30T15:13:23+00:00,Building A,layout-16a36e86,layout-id-af1e9cfa,767,5,"$4,007","$4,069","$4,271",$5.22,$5.31,$5.57,0,1,Immediate
2026-07-30T15:13:23+00:00,Building A,layout-c8361f9b,layout-id-af2a3fbd,709,2,"$4,112","$4,194.50","$4,277",$5.80,$5.91,$6.03,0,0,Immediate
2026-07-30T15:13:23+00:00,Building A,layout-0cd20d37,layout-id-fd556c01,1117,2,"$5,494","$5,506","$5,518",$4.92,$4.93,$4.94,0,0,Immediate
2026-07-31T15:22:09+00:00,Building A,layout-abdbc2b5,layout-id-0e981ccc,1080,3,"$5,496","$5,569","$5,751",$5.09,$5.16,$5.33,0,0,Immediate
2026-07-31T15:22:09+00:00,Building A,layout-adfa2b24,layout-id-1a6c397d,546,1,"$3,761","$3,761","$3,761",$6.89,$6.89,$6.89,0,0,Sep 3
2026-07-31T15:22:09+00:00,Building A,layout-4e808094,layout-id-1f421da1,779,1,"$4,062","$4,062","$4,062",$5.21,$5.21,$5.21,0,0,Sep 18
2026-07-31T15:22:09+00:00,Building A,layout-44d6a8a7,layout-id-9d709221,618,2,"$3,806","$3,891","$3,976",$6.16,$6.29,$6.43,0,0,Immediate
2026-07-31T15:22:09+00:00,Building A,layout-16a36e86,layout-id-af1e9cfa,767,5,"$4,036","$4,079","$4,300",$5.26,$5.32,$5.61,0,0,Immediate
2026-07-31T15:22:09+00:00,Building A,layout-c8361f9b,layout-id-af2a3fbd,709,2,"$4,141","$4,214.50","$4,288",$5.84,$5.94,$6.05,0,0,Immediate
2026-07-31T15:22:09+00:00,Building A,layout-0cd20d37,layout-id-fd556c01,1117,2,"$5,556","$5,576.50","$5,597",$4.97,$4.99,$5.01,0,0,Immediate
2026-08-01T14:36:07+00:00,Building A,layout-abdbc2b5,layout-id-0e981ccc,1080,3,"$5,496","$5,569","$5,751",$5.09,$5.16,$5.33,0,0,Immediate
2026-08-01T14:36:07+00:00,Building A,layout-adfa2b24,layout-id-1a6c397d,546,1,"$3,761","$3,761","$3,761",$6.89,$6.89,$6.89,0,0,Sep 3
2026-08-01T14:36:07+00:00,Building A,layout-4e808094,layout-id-1f421da1,779,1,"$4,062","$4,062","$4,062",$5.21,$5.21,$5.21,0,0,Sep 18
2026-08-01T14:36:07+00:00,Building A,layout-44d6a8a7,layout-id-9d709221,618,2,"$3,806","$3,891","$3,976",$6.16,$6.29,$6.43,0,0,Immediate
2026-08-01T14:36:07+00:00,Building A,layout-16a36e86,layout-id-af1e9cfa,767,5,"$4,036","$4,079","$4,300",$5.26,$5.32,$5.61,0,0,Immediate
2026-08-01T14:36:07+00:00,Building A,layout-c8361f9b,layout-id-af2a3fbd,709,2,"$4,141","$4,206","$4,271",$5.84,$5.93,$6.02,0,1,Immediate
2026-08-01T14:36:07+00:00,Building A,layout-0cd20d37,layout-id-fd556c01,1117,2,"$5,539","$5,568","$5,597",$4.96,$4.98,$5.01,0,1,Immediate
2026-08-02T14:37:40+00:00,Building A,layout-abdbc2b5,layout-id-0e981ccc,1080,3,"$5,496","$5,572","$5,751",$5.09,$5.16,$5.33,0,0,Immediate
2026-08-02T14:37:40+00:00,Building A,layout-adfa2b24,layout-id-1a6c397d,546,1,"$3,761","$3,761","$3,761",$6.89,$6.89,$6.89,0,0,Sep 3
2026-08-02T14:37:40+00:00,Building A,layout-4e808094,layout-id-1f421da1,779,1,"$4,062","$4,062","$4,062",$5.21,$5.21,$5.21,0,0,Sep 18
2026-08-02T14:37:40+00:00,Building A,layout-44d6a8a7,layout-id-9d709221,618,2,"$3,806","$3,884.50","$3,963",$6.16,$6.28,$6.41,0,1,Immediate
2026-08-02T14:37:40+00:00,Building A,layout-16a36e86,layout-id-af1e9cfa,767,5,"$3,982","$4,025","$4,242",$5.19,$5.25,$5.53,0,4,Immediate
2026-08-02T14:37:40+00:00,Building A,layout-c8361f9b,layout-id-af2a3fbd,709,2,"$4,141","$4,169.50","$4,198",$5.84,$5.88,$5.92,0,1,Immediate
2026-08-02T14:37:40+00:00,Building A,layout-0cd20d37,layout-id-fd556c01,1117,2,"$5,496","$5,546.50","$5,597",$4.92,$4.96,$5.01,0,1,Immediate
2026-08-03T15:45:19+00:00,Building A,layout-abdbc2b5,layout-id-0e981ccc,1080,3,"$5,496","$5,572","$5,751",$5.09,$5.16,$5.33,0,0,Immediate
2026-08-03T15:45:19+00:00,Building A,layout-adfa2b24,layout-id-1a6c397d,546,1,"$3,834","$3,834","$3,834",$7.02,$7.02,$7.02,0,0,Sep 3
2026-08-03T15:45:19+00:00,Building A,layout-4e808094,layout-id-1f421da1,779,1,"$3,961","$3,961","$3,961",$5.08,$5.08,$5.08,0,1,Sep 18
2026-08-03T15:45:19+00:00,Building A,layout-44d6a8a7,layout-id-9d709221,618,2,"$3,875","$3,948.50","$4,022",$6.27,$6.39,$6.51,0,0,Immediate
2026-08-03T15:45:19+00:00,Building A,layout-16a36e86,layout-id-af1e9cfa,767,5,"$3,884","$3,928","$4,145",$5.06,$5.12,$5.40,0,5,Immediate
2026-08-03T15:45:19+00:00,Building A,layout-c8361f9b,layout-id-af2a3fbd,709,2,"$4,039","$4,060","$4,081",$5.70,$5.73,$5.76,0,2,Immediate
2026-08-03T15:45:19+00:00,Building A,layout-0cd20d37,layout-id-fd556c01,1117,2,"$5,472","$5,534.50","$5,597",$4.90,$4.95,$5.01,0,1,Immediate
2026-08-04T15:25:44+00:00,Building A,layout-abdbc2b5,layout-id-0e981ccc,1080,4,"$5,533","$5,599.50","$5,788",$5.12,$5.18,$5.36,1,0,Immediate
2026-08-04T15:25:44+00:00,Building A,layout-adfa2b24,layout-id-1a6c397d,546,1,"$3,814","$3,814","$3,814",$6.99,$6.99,$6.99,0,1,Aug 10
2026-08-04T15:25:44+00:00,Building A,layout-4e808094,layout-id-1f421da1,779,1,"$3,988","$3,988","$3,988",$5.12,$5.12,$5.12,0,0,Sep 18
2026-08-04T15:25:44+00:00,Building A,layout-08d1623c,layout-id-7ae69929,1605,1,"$7,532","$7,532","$7,532",$4.69,$4.69,$4.69,1,0,Oct 20
2026-08-04T15:25:44+00:00,Building A,layout-44d6a8a7,layout-id-9d709221,618,2,"$3,875","$3,944.50","$4,014",$6.27,$6.38,$6.50,0,1,Immediate
2026-08-04T15:25:44+00:00,Building A,layout-16a36e86,layout-id-af1e9cfa,767,4,"$3,911","$4,019.50","$4,171",$5.10,$5.24,$5.44,0,0,Immediate
2026-08-04T15:25:44+00:00,Building A,layout-c8361f9b,layout-id-af2a3fbd,709,2,"$4,067","$4,078.50","$4,090",$5.74,$5.75,$5.77,0,0,Immediate
2026-08-04T15:25:44+00:00,Building A,layout-0cd20d37,layout-id-fd556c01,1117,2,"$5,486","$5,560","$5,634",$4.91,$4.97,$5.04,0,0,Immediate
2026-08-05T15:17:21+00:00,Building A,layout-abdbc2b5,layout-id-0e981ccc,1080,3,"$5,564","$5,594","$5,820",$5.15,$5.18,$5.39,0,1,Immediate
2026-08-05T15:17:21+00:00,Building A,layout-adfa2b24,layout-id-1a6c397d,546,1,"$3,814","$3,814","$3,814",$6.99,$6.99,$6.99,0,0,Aug 10
2026-08-05T15:17:21+00:00,Building A,layout-4e808094,layout-id-1f421da1,779,1,"$3,988","$3,988","$3,988",$5.12,$5.12,$5.12,0,0,Sep 18
2026-08-05T15:17:21+00:00,Building A,layout-08d1623c,layout-id-7ae69929,1605,1,"$7,532","$7,532","$7,532",$4.69,$4.69,$4.69,0,0,Oct 20
2026-08-05T15:17:21+00:00,Building A,layout-44d6a8a7,layout-id-9d709221,618,2,"$3,875","$3,961.50","$4,048",$6.27,$6.41,$6.55,0,0,Immediate
2026-08-05T15:17:21+00:00,Building A,layout-16a36e86,layout-id-af1e9cfa,767,4,"$3,911","$4,019.50","$4,171",$5.10,$5.24,$5.44,0,0,Immediate
2026-08-05T15:17:21+00:00,Building A,layout-c8361f9b,layout-id-af2a3fbd,709,1,"$4,067","$4,067","$4,067",$5.74,$5.74,$5.74,0,0,Aug 12
2026-08-05T15:17:21+00:00,Building A,layout-0cd20d37,layout-id-fd556c01,1117,2,"$5,634","$5,649.50","$5,665",$5.04,$5.05,$5.07,0,0,Immediate
2026-08-07T14:14:09+00:00,Building A,layout-abdbc2b5,layout-id-0e981ccc,1080,3,"$5,564","$5,594","$5,820",$5.15,$5.18,$5.39,0,0,Immediate
2026-08-07T14:14:09+00:00,Building A,layout-adfa2b24,layout-id-1a6c397d,546,1,"$3,814","$3,814","$3,814",$6.99,$6.99,$6.99,0,0,Aug 10
2026-08-07T14:14:09+00:00,Building A,layout-4e808094,layout-id-1f421da1,779,1,"$4,002","$4,002","$4,002",$5.14,$5.14,$5.14,0,0,Sep 18
2026-08-07T14:14:09+00:00,Building A,layout-08d1623c,layout-id-7ae69929,1605,1,"$7,532","$7,532","$7,532",$4.69,$4.69,$4.69,0,0,Oct 20
2026-08-07T14:14:09+00:00,Building A,layout-44d6a8a7,layout-id-9d709221,618,2,"$3,875","$3,961.50","$4,048",$6.27,$6.41,$6.55,0,0,Immediate
2026-08-07T14:14:09+00:00,Building A,layout-16a36e86,layout-id-af1e9cfa,767,4,"$3,909","$4,026","$4,168",$5.10,$5.24,$5.43,0,3,Immediate
2026-08-07T14:14:09+00:00,Building A,layout-c8361f9b,layout-id-af2a3fbd,709,1,"$4,081","$4,081","$4,081",$5.76,$5.76,$5.76,0,0,Aug 17
2026-08-07T14:14:09+00:00,Building A,layout-0cd20d37,layout-id-fd556c01,1117,2,"$5,634","$5,649.50","$5,665",$5.04,$5.05,$5.07,0,0,Immediate
2026-08-08T13:48:33+00:00,Building A,layout-abdbc2b5,layout-id-0e981ccc,1080,3,"$5,533","$5,563","$5,788",$5.12,$5.15,$5.36,0,3,Immediate
2026-08-08T13:48:33+00:00,Building A,layout-adfa2b24,layout-id-1a6c397d,546,1,"$3,814","$3,814","$3,814",$6.99,$6.99,$6.99,0,0,Aug 10
2026-08-08T13:48:33+00:00,Building A,layout-4e808094,layout-id-1f421da1,779,1,"$4,002","$4,002","$4,002",$5.14,$5.14,$5.14,0,0,Sep 18
2026-08-08T13:48:33+00:00,Building A,layout-08d1623c,layout-id-7ae69929,1605,1,"$7,532","$7,532","$7,532",$4.69,$4.69,$4.69,0,0,Oct 20
2026-08-08T13:48:33+00:00,Building A,layout-44d6a8a7,layout-id-9d709221,618,2,"$3,875","$3,961.50","$4,048",$6.27,$6.41,$6.55,0,0,Immediate
2026-08-08T13:48:33+00:00,Building A,layout-16a36e86,layout-id-af1e9cfa,767,6,"$3,909","$4,026","$4,171",$5.10,$5.24,$5.44,2,0,Immediate
2026-08-08T13:48:33+00:00,Building A,layout-c8361f9b,layout-id-af2a3fbd,709,1,"$4,081","$4,081","$4,081",$5.76,$5.76,$5.76,0,0,Aug 17
2026-08-08T13:48:33+00:00,Building A,layout-0cd20d37,layout-id-fd556c01,1117,2,"$5,634","$5,634","$5,634",$5.04,$5.04,$5.04,0,1,Immediate
2026-08-09T13:52:03+00:00,Building A,layout-abdbc2b5,layout-id-0e981ccc,1080,3,"$5,533","$5,563","$5,788",$5.12,$5.15,$5.36,0,0,Immediate
2026-08-09T13:52:03+00:00,Building A,layout-adfa2b24,layout-id-1a6c397d,546,1,"$3,814","$3,814","$3,814",$6.99,$6.99,$6.99,0,0,Aug 10
2026-08-09T13:52:03+00:00,Building A,layout-4e808094,layout-id-1f421da1,779,1,"$4,002","$4,002","$4,002",$5.14,$5.14,$5.14,0,0,Sep 18
2026-08-09T13:52:03+00:00,Building A,layout-08d1623c,layout-id-7ae69929,1605,1,"$7,532","$7,532","$7,532",$4.69,$4.69,$4.69,0,0,Oct 20
2026-08-09T13:52:03+00:00,Building A,layout-44d6a8a7,layout-id-9d709221,618,2,"$3,875","$3,961.50","$4,048",$6.27,$6.41,$6.55,0,0,Immediate
2026-08-09T13:52:03+00:00,Building A,layout-16a36e86,layout-id-af1e9cfa,767,6,"$3,909","$4,026","$4,171",$5.10,$5.24,$5.44,0,0,Immediate
2026-08-09T13:52:03+00:00,Building A,layout-c8361f9b,layout-id-af2a3fbd,709,1,"$4,081","$4,081","$4,081",$5.76,$5.76,$5.76,0,0,Aug 17
2026-08-09T13:52:03+00:00,Building A,layout-0cd20d37,layout-id-fd556c01,1117,2,"$5,634","$5,634","$5,634",$5.04,$5.04,$5.04,0,0,Immediate
2026-08-10T14:20:47+00:00,Building A,layout-abdbc2b5,layout-id-0e981ccc,1080,3,"$5,533","$5,563","$5,788",$5.12,$5.15,$5.36,0,0,Immediate
2026-08-10T14:20:47+00:00,Building A,layout-adfa2b24,layout-id-1a6c397d,546,1,"$3,814","$3,814","$3,814",$6.99,$6.99,$6.99,0,0,Immediate
2026-08-10T14:20:47+00:00,Building A,layout-4e808094,layout-id-1f421da1,779,1,"$4,002","$4,002","$4,002",$5.14,$5.14,$5.14,0,0,Sep 18
2026-08-10T14:20:47+00:00,Building A,layout-08d1623c,layout-id-7ae69929,1605,1,"$7,532","$7,532","$7,532",$4.69,$4.69,$4.69,0,0,Oct 20
2026-08-10T14:20:47+00:00,Building A,layout-44d6a8a7,layout-id-9d709221,618,2,"$3,875","$3,961.50","$4,048",$6.27,$6.41,$6.55,0,0,Immediate
2026-08-10T14:20:47+00:00,Building A,layout-16a36e86,layout-id-af1e9cfa,767,6,"$3,909","$4,026","$4,171",$5.10,$5.24,$5.44,0,0,Immediate
2026-08-10T14:20:47+00:00,Building A,layout-c8361f9b,layout-id-af2a3fbd,709,1,"$4,081","$4,081","$4,081",$5.76,$5.76,$5.76,0,0,Aug 17
2026-08-10T14:20:47+00:00,Building A,layout-0cd20d37,layout-id-fd556c01,1117,2,"$5,634","$5,634","$5,634",$5.04,$5.04,$5.04,0,0,Immediate
2026-08-11T14:21:02+00:00,Building A,layout-abdbc2b5,layout-id-0e981ccc,1080,3,"$5,542","$5,572","$5,797",$5.13,$5.16,$5.37,0,0,Immediate
2026-08-11T14:21:02+00:00,Building A,layout-adfa2b24,layout-id-1a6c397d,546,1,"$3,814","$3,814","$3,814",$6.99,$6.99,$6.99,0,0,Immediate
2026-08-11T14:21:02+00:00,Building A,layout-4e808094,layout-id-1f421da1,779,1,"$3,922","$3,922","$3,922",$5.03,$5.03,$5.03,0,1,Sep 18
2026-08-11T14:21:02+00:00,Building A,layout-08d1623c,layout-id-7ae69929,1605,1,"$7,532","$7,532","$7,532",$4.69,$4.69,$4.69,0,0,Oct 20
2026-08-11T14:21:02+00:00,Building A,layout-44d6a8a7,layout-id-9d709221,618,2,"$3,875","$3,961.50","$4,048",$6.27,$6.41,$6.55,0,0,Immediate
2026-08-11T14:21:02+00:00,Building A,layout-16a36e86,layout-id-af1e9cfa,767,6,"$3,832","$3,946.50","$4,091",$5.00,$5.14,$5.33,1,5,Immediate
2026-08-11T14:21:02+00:00,Building A,layout-c8361f9b,layout-id-af2a3fbd,709,1,"$4,000","$4,000","$4,000",$5.64,$5.64,$5.64,0,1,Aug 17
2026-08-11T14:21:02+00:00,Building A,layout-0cd20d37,layout-id-fd556c01,1117,2,"$5,643","$5,643","$5,643",$5.05,$5.05,$5.05,0,0,Immediate
2026-08-12T14:21:40+00:00,Building A,layout-abdbc2b5,layout-id-0e981ccc,1080,3,"$5,542","$5,572","$5,797",$5.13,$5.16,$5.37,0,0,Immediate
2026-08-12T14:21:40+00:00,Building A,layout-adfa2b24,layout-id-1a6c397d,546,1,"$3,814","$3,814","$3,814",$6.99,$6.99,$6.99,0,0,Immediate
2026-08-12T14:21:40+00:00,Building A,layout-4e808094,layout-id-1f421da1,779,1,"$3,949","$3,949","$3,949",$5.07,$5.07,$5.07,0,0,Sep 18
2026-08-12T14:21:40+00:00,Building A,layout-08d1623c,layout-id-7ae69929,1605,1,"$7,532","$7,532","$7,532",$4.69,$4.69,$4.69,0,0,Oct 20
2026-08-12T14:21:40+00:00,Building A,layout-44d6a8a7,layout-id-9d709221,618,2,"$3,875","$3,961.50","$4,048",$6.27,$6.41,$6.55,0,0,Immediate
2026-08-12T14:21:40+00:00,Building A,layout-16a36e86,layout-id-af1e9cfa,767,6,"$3,858","$3,973.50","$4,118",$5.03,$5.18,$5.37,0,0,Immediate
2026-08-12T14:21:40+00:00,Building A,layout-c8361f9b,layout-id-af2a3fbd,709,1,"$4,027","$4,027","$4,027",$5.68,$5.68,$5.68,0,0,Aug 17
2026-08-12T14:21:40+00:00,Building A,layout-0cd20d37,layout-id-fd556c01,1117,2,"$5,643","$5,643","$5,643",$5.05,$5.05,$5.05,0,0,Immediate
2026-08-13T14:22:48+00:00,Building A,layout-abdbc2b5,layout-id-0e981ccc,1080,3,"$5,415","$5,445","$5,670",$5.01,$5.04,$5.25,0,3,Immediate
2026-08-13T14:22:48+00:00,Building A,layout-adfa2b24,layout-id-1a6c397d,546,1,"$3,814","$3,814","$3,814",$6.99,$6.99,$6.99,0,0,Immediate
2026-08-13T14:22:48+00:00,Building A,layout-4e808094,layout-id-1f421da1,779,1,"$3,949","$3,949","$3,949",$5.07,$5.07,$5.07,0,0,Sep 18
2026-08-13T14:22:48+00:00,Building A,layout-08d1623c,layout-id-7ae69929,1605,1,"$7,532","$7,532","$7,532",$4.69,$4.69,$4.69,0,0,Oct 20
2026-08-13T14:22:48+00:00,Building A,layout-44d6a8a7,layout-id-9d709221,618,2,"$3,875","$3,961.50","$4,048",$6.27,$6.41,$6.55,0,0,Immediate
2026-08-13T14:22:48+00:00,Building A,layout-16a36e86,layout-id-af1e9cfa,767,6,"$3,858","$3,973.50","$4,118",$5.03,$5.18,$5.37,0,0,Immediate
2026-08-13T14:22:48+00:00,Building A,layout-c8361f9b,layout-id-af2a3fbd,709,1,"$4,027","$4,027","$4,027",$5.68,$5.68,$5.68,0,0,Aug 17
2026-08-13T14:22:48+00:00,Building A,layout-0cd20d37,layout-id-fd556c01,1117,2,"$5,516","$5,516","$5,516",$4.94,$4.94,$4.94,0,2,Immediate
2026-08-14T14:16:26+00:00,Building A,layout-abdbc2b5,layout-id-0e981ccc,1080,3,"$5,415","$5,445","$5,670",$5.01,$5.04,$5.25,0,0,Immediate
2026-08-14T14:16:26+00:00,Building A,layout-adfa2b24,layout-id-1a6c397d,546,1,"$3,664","$3,664","$3,664",$6.71,$6.71,$6.71,0,1,Immediate
2026-08-14T14:16:26+00:00,Building A,layout-4e808094,layout-id-1f421da1,779,1,"$3,949","$3,949","$3,949",$5.07,$5.07,$5.07,0,0,Sep 18
2026-08-14T14:16:26+00:00,Building A,layout-08d1623c,layout-id-7ae69929,1605,1,"$7,532","$7,532","$7,532",$4.69,$4.69,$4.69,0,0,Oct 20
2026-08-14T14:16:26+00:00,Building A,layout-44d6a8a7,layout-id-9d709221,618,2,"$3,731","$3,814.50","$3,898",$6.04,$6.17,$6.31,0,2,Immediate
2026-08-14T14:16:26+00:00,Building A,layout-16a36e86,layout-id-af1e9cfa,767,6,"$3,858","$3,973.50","$4,118",$5.03,$5.18,$5.37,0,0,Immediate
2026-08-14T14:16:26+00:00,Building A,layout-c8361f9b,layout-id-af2a3fbd,709,1,"$4,027","$4,027","$4,027",$5.68,$5.68,$5.68,0,0,Aug 17
2026-08-14T14:16:26+00:00,Building A,layout-0cd20d37,layout-id-fd556c01,1117,2,"$5,516","$5,516","$5,516",$4.94,$4.94,$4.94,0,0,Immediate
2026-08-15T13:32:54+00:00,Building A,layout-abdbc2b5,layout-id-0e981ccc,1080,3,"$5,415","$5,445","$5,670",$5.01,$5.04,$5.25,0,0,Immediate
2026-08-15T13:32:54+00:00,Building A,layout-adfa2b24,layout-id-1a6c397d,546,1,"$3,664","$3,664","$3,664",$6.71,$6.71,$6.71,0,0,Immediate
2026-08-15T13:32:54+00:00,Building A,layout-4e808094,layout-id-1f421da1,779,1,"$3,949","$3,949","$3,949",$5.07,$5.07,$5.07,0,0,Sep 18
2026-08-15T13:32:54+00:00,Building A,layout-08d1623c,layout-id-7ae69929,1605,1,"$7,532","$7,532","$7,532",$4.69,$4.69,$4.69,0,0,Oct 20
2026-08-15T13:32:54+00:00,Building A,layout-44d6a8a7,layout-id-9d709221,618,2,"$3,731","$3,814.50","$3,898",$6.04,$6.17,$6.31,0,0,Immediate
2026-08-15T13:32:54+00:00,Building A,layout-16a36e86,layout-id-af1e9cfa,767,6,"$3,858","$3,973.50","$4,118",$5.03,$5.18,$5.37,0,0,Immediate
2026-08-15T13:32:54+00:00,Building A,layout-c8361f9b,layout-id-af2a3fbd,709,1,"$4,027","$4,027","$4,027",$5.68,$5.68,$5.68,0,0,Aug 17
2026-08-15T13:32:54+00:00,Building A,layout-0cd20d37,layout-id-fd556c01,1117,2,"$5,516","$5,516","$5,516",$4.94,$4.94,$4.94,0,0,Immediate
2026-08-16T13:33:35+00:00,Building A,layout-abdbc2b5,layout-id-0e981ccc,1080,3,"$5,415","$5,445","$5,670",$5.01,$5.04,$5.25,0,0,Immediate
2026-08-16T13:33:35+00:00,Building A,layout-adfa2b24,layout-id-1a6c397d,546,1,"$3,664","$3,664","$3,664",$6.71,$6.71,$6.71,0,0,Immediate
2026-08-16T13:33:35+00:00,Building A,layout-4e808094,layout-id-1f421da1,779,1,"$3,949","$3,949","$3,949",$5.07,$5.07,$5.07,0,0,Sep 18
2026-08-16T13:33:35+00:00,Building A,layout-08d1623c,layout-id-7ae69929,1605,1,"$7,532","$7,532","$7,532",$4.69,$4.69,$4.69,0,0,Oct 20
2026-08-16T13:33:35+00:00,Building A,layout-44d6a8a7,layout-id-9d709221,618,2,"$3,731","$3,814.50","$3,898",$6.04,$6.17,$6.31,0,0,Immediate
2026-08-16T13:33:35+00:00,Building A,layout-16a36e86,layout-id-af1e9cfa,767,6,"$3,858","$3,973.50","$4,118",$5.03,$5.18,$5.37,0,0,Immediate
2026-08-16T13:33:35+00:00,Building A,layout-c8361f9b,layout-id-af2a3fbd,709,1,"$4,027","$4,027","$4,027",$5.68,$5.68,$5.68,0,0,Aug 17
2026-08-16T13:33:35+00:00,Building A,layout-0cd20d37,layout-id-fd556c01,1117,2,"$5,516","$5,516","$5,516",$4.94,$4.94,$4.94,0,0,Immediate
2026-08-17T13:41:00+00:00,Building A,layout-abdbc2b5,layout-id-0e981ccc,1080,3,"$5,415","$5,445","$5,670",$5.01,$5.04,$5.25,0,0,Immediate
2026-08-17T13:41:00+00:00,Building A,layout-adfa2b24,layout-id-1a6c397d,546,1,"$3,664","$3,664","$3,664",$6.71,$6.71,$6.71,0,0,Immediate
2026-08-17T13:41:00+00:00,Building A,layout-4e808094,layout-id-1f421da1,779,1,"$3,949","$3,949","$3,949",$5.07,$5.07,$5.07,0,0,Sep 18
2026-08-17T13:41:00+00:00,Building A,layout-08d1623c,layout-id-7ae69929,1605,1,"$7,532","$7,532","$7,532",$4.69,$4.69,$4.69,0,0,Oct 20
2026-08-17T13:41:00+00:00,Building A,layout-44d6a8a7,layout-id-9d709221,618,2,"$3,731","$3,814.50","$3,898",$6.04,$6.17,$6.31,0,0,Immediate
2026-08-17T13:41:00+00:00,Building A,layout-16a36e86,layout-id-af1e9cfa,767,6,"$3,858","$3,973.50","$4,118",$5.03,$5.18,$5.37,0,0,Immediate
2026-08-17T13:41:00+00:00,Building A,layout-c8361f9b,layout-id-af2a3fbd,709,1,"$4,027","$4,027","$4,027",$5.68,$5.68,$5.68,0,0,Immediate
2026-08-17T13:41:00+00:00,Building A,layout-0cd20d37,layout-id-fd556c01,1117,2,"$5,516","$5,516","$5,516",$4.94,$4.94,$4.94,0,0,Immediate
2026-08-18T13:45:16+00:00,Building A,layout-abdbc2b5,layout-id-0e981ccc,1080,3,"$5,465","$5,495","$5,719",$5.06,$5.09,$5.30,0,0,Immediate
2026-08-18T13:45:16+00:00,Building A,layout-adfa2b24,layout-id-1a6c397d,546,1,"$3,114","$3,114","$3,114",$5.70,$5.70,$5.70,0,1,Immediate
2026-08-18T13:45:16+00:00,Building A,layout-4e808094,layout-id-1f421da1,779,1,"$3,949","$3,949","$3,949",$5.07,$5.07,$5.07,0,0,Sep 18
2026-08-18T13:45:16+00:00,Building A,layout-08d1623c,layout-id-7ae69929,1605,1,"$7,532","$7,532","$7,532",$4.69,$4.69,$4.69,0,0,Oct 20
2026-08-18T13:45:16+00:00,Building A,layout-44d6a8a7,layout-id-9d709221,618,2,"$3,204","$3,270.50","$3,337",$5.18,$5.29,$5.40,0,2,Immediate
2026-08-18T13:45:16+00:00,Building A,layout-16a36e86,layout-id-af1e9cfa,767,7,"$3,858","$4,045","$4,118",$5.03,$5.27,$5.37,1,1,Immediate
2026-08-18T13:45:16+00:00,Building A,layout-c8361f9b,layout-id-af2a3fbd,709,1,"$4,027","$4,027","$4,027",$5.68,$5.68,$5.68,0,0,Immediate
2026-08-18T13:45:16+00:00,Building A,layout-0cd20d37,layout-id-fd556c01,1117,2,"$5,566","$5,573.50","$5,581",$4.98,$4.99,$5.00,0,0,Immediate
2026-08-19T13:47:22+00:00,Building A,layout-abdbc2b5,layout-id-0e981ccc,1080,3,"$5,450","$5,479","$5,703",$5.05,$5.07,$5.28,0,3,Immediate
2026-08-19T13:47:22+00:00,Building A,layout-adfa2b24,layout-id-1a6c397d,546,1,"$3,114","$3,114","$3,114",$5.70,$5.70,$5.70,0,0,Immediate
2026-08-19T13:47:22+00:00,Building A,layout-4e808094,layout-id-1f421da1,779,1,"$3,949","$3,949","$3,949",$5.07,$5.07,$5.07,0,0,Sep 18
2026-08-19T13:47:22+00:00,Building A,layout-08d1623c,layout-id-7ae69929,1605,1,"$7,532","$7,532","$7,532",$4.69,$4.69,$4.69,0,0,Oct 20
2026-08-19T13:47:22+00:00,Building A,layout-44d6a8a7,layout-id-9d709221,618,2,"$3,204","$3,265","$3,326",$5.18,$5.28,$5.38,0,1,Immediate
2026-08-19T13:47:22+00:00,Building A,layout-16a36e86,layout-id-af1e9cfa,767,7,"$3,851","$4,038","$4,118",$5.02,$5.26,$5.37,0,5,Immediate
2026-08-19T13:47:22+00:00,Building A,layout-c8361f9b,layout-id-af2a3fbd,709,1,"$4,020","$4,020","$4,020",$5.67,$5.67,$5.67,0,1,Immediate
2026-08-19T13:47:22+00:00,Building A,layout-0cd20d37,layout-id-fd556c01,1117,2,"$5,550","$5,565.50","$5,581",$4.97,$4.98,$5.00,0,1,Immediate
2026-08-20T13:50:16+00:00,Building A,layout-abdbc2b5,layout-id-0e981ccc,1080,3,"$5,434","$5,464","$5,687",$5.03,$5.06,$5.27,0,3,Immediate
2026-08-20T13:50:16+00:00,Building A,layout-adfa2b24,layout-id-1a6c397d,546,1,"$3,114","$3,114","$3,114",$5.70,$5.70,$5.70,0,0,Immediate
2026-08-20T13:50:16+00:00,Building A,layout-4e808094,layout-id-1f421da1,779,1,"$3,949","$3,949","$3,949",$5.07,$5.07,$5.07,0,0,Sep 18
2026-08-20T13:50:16+00:00,Building A,layout-08d1623c,layout-id-7ae69929,1605,1,"$7,532","$7,532","$7,532",$4.69,$4.69,$4.69,0,0,Oct 20
2026-08-20T13:50:16+00:00,Building A,layout-44d6a8a7,layout-id-9d709221,618,2,"$3,204","$3,259.50","$3,315",$5.18,$5.27,$5.36,0,1,Immediate
2026-08-20T13:50:16+00:00,Building A,layout-16a36e86,layout-id-af1e9cfa,767,7,"$3,851","$4,038","$4,118",$5.02,$5.26,$5.37,0,0,Immediate
2026-08-20T13:50:16+00:00,Building A,layout-c8361f9b,layout-id-af2a3fbd,709,1,"$4,020","$4,020","$4,020",$5.67,$5.67,$5.67,0,0,Immediate
2026-08-20T13:50:16+00:00,Building A,layout-0892a10e,layout-id-bf2217a4,457,1,"$2,799","$2,799","$2,799",$6.12,$6.12,$6.12,1,0,Oct 24
2026-08-20T13:50:16+00:00,Building A,layout-0cd20d37,layout-id-fd556c01,1117,2,"$5,535","$5,558","$5,581",$4.96,$4.98,$5.00,0,1,Immediate
2026-08-21T13:48:37+00:00,Building A,layout-abdbc2b5,layout-id-0e981ccc,1080,3,"$4,993","$5,022","$5,245",$4.62,$4.65,$4.86,0,3,Immediate
2026-08-21T13:48:37+00:00,Building A,layout-adfa2b24,layout-id-1a6c397d,546,1,"$3,114","$3,114","$3,114",$5.70,$5.70,$5.70,0,0,Immediate
2026-08-21T13:48:37+00:00,Building A,layout-4e808094,layout-id-1f421da1,779,1,"$3,753","$3,753","$3,753",$4.82,$4.82,$4.82,0,1,Sep 18
2026-08-21T13:48:37+00:00,Building A,layout-08d1623c,layout-id-7ae69929,1605,1,"$7,532","$7,532","$7,532",$4.69,$4.69,$4.69,0,0,Oct 20
2026-08-21T13:48:37+00:00,Building A,layout-44d6a8a7,layout-id-9d709221,618,2,"$3,204","$3,254.50","$3,305",$5.18,$5.26,$5.35,0,1,Immediate
2026-08-21T13:48:37+00:00,Building A,layout-16a36e86,layout-id-af1e9cfa,767,7,"$3,663","$3,842","$3,922",$4.78,$5.01,$5.11,0,7,Immediate
2026-08-21T13:48:37+00:00,Building A,layout-c8361f9b,layout-id-af2a3fbd,709,1,"$3,824","$3,824","$3,824",$5.39,$5.39,$5.39,0,1,Immediate
2026-08-21T13:48:37+00:00,Building A,layout-0892a10e,layout-id-bf2217a4,457,1,"$2,799","$2,799","$2,799",$6.12,$6.12,$6.12,0,0,Oct 24
2026-08-21T13:48:37+00:00,Building A,layout-0cd20d37,layout-id-fd556c01,1117,2,"$5,093","$5,121.50","$5,150",$4.56,$4.58,$4.61,0,2,Immediate
2026-08-22T13:33:53+00:00,Building A,layout-abdbc2b5,layout-id-0e981ccc,1080,3,"$4,967","$5,218","$5,329",$4.60,$4.83,$4.93,1,2,Immediate
2026-08-22T13:33:53+00:00,Building A,layout-adfa2b24,layout-id-1a6c397d,546,1,"$3,114","$3,114","$3,114",$5.70,$5.70,$5.70,0,0,Immediate
2026-08-22T13:33:53+00:00,Building A,layout-4e808094,layout-id-1f421da1,779,1,"$3,753","$3,753","$3,753",$4.82,$4.82,$4.82,0,0,Sep 18
2026-08-22T13:33:53+00:00,Building A,layout-08d1623c,layout-id-7ae69929,1605,1,"$7,532","$7,532","$7,532",$4.69,$4.69,$4.69,0,0,Oct 20
2026-08-22T13:33:53+00:00,Building A,layout-44d6a8a7,layout-id-9d709221,618,2,"$3,204","$3,249","$3,294",$5.18,$5.25,$5.33,0,1,Immediate
2026-08-22T13:33:53+00:00,Building A,layout-16a36e86,layout-id-af1e9cfa,767,7,"$3,663","$3,842","$3,922",$4.78,$5.01,$5.11,0,0,Immediate
2026-08-22T13:33:53+00:00,Building A,layout-c8361f9b,layout-id-af2a3fbd,709,1,"$3,824","$3,824","$3,824",$5.39,$5.39,$5.39,0,0,Immediate
2026-08-22T13:33:53+00:00,Building A,layout-0892a10e,layout-id-bf2217a4,457,1,"$2,799","$2,799","$2,799",$6.12,$6.12,$6.12,0,0,Oct 24
2026-08-22T13:33:53+00:00,Building A,layout-0cd20d37,layout-id-fd556c01,1117,2,"$5,067","$5,108.50","$5,150",$4.54,$4.57,$4.61,0,1,Immediate
2026-08-23T13:34:15+00:00,Building A,layout-abdbc2b5,layout-id-0e981ccc,1080,3,"$4,951","$5,200","$5,329",$4.58,$4.81,$4.93,0,2,Immediate
2026-08-23T13:34:15+00:00,Building A,layout-adfa2b24,layout-id-1a6c397d,546,1,"$3,114","$3,114","$3,114",$5.70,$5.70,$5.70,0,0,Immediate
2026-08-23T13:34:15+00:00,Building A,layout-4e808094,layout-id-1f421da1,779,1,"$3,753","$3,753","$3,753",$4.82,$4.82,$4.82,0,0,Sep 18
2026-08-23T13:34:15+00:00,Building A,layout-08d1623c,layout-id-7ae69929,1605,1,"$7,532","$7,532","$7,532",$4.69,$4.69,$4.69,0,0,Oct 20
2026-08-23T13:34:15+00:00,Building A,layout-44d6a8a7,layout-id-9d709221,618,2,"$3,204","$3,243.50","$3,283",$5.18,$5.24,$5.31,0,1,Immediate
2026-08-23T13:34:15+00:00,Building A,layout-16a36e86,layout-id-af1e9cfa,767,7,"$3,663","$3,842","$3,922",$4.78,$5.01,$5.11,0,0,Immediate
2026-08-23T13:34:15+00:00,Building A,layout-c8361f9b,layout-id-af2a3fbd,709,1,"$3,824","$3,824","$3,824",$5.39,$5.39,$5.39,0,0,Immediate
2026-08-23T13:34:15+00:00,Building A,layout-0892a10e,layout-id-bf2217a4,457,1,"$2,799","$2,799","$2,799",$6.12,$6.12,$6.12,0,0,Oct 24
2026-08-23T13:34:15+00:00,Building A,layout-0cd20d37,layout-id-fd556c01,1117,2,"$5,050","$5,100","$5,150",$4.52,$4.56,$4.61,0,1,Immediate
2026-08-24T13:59:42+00:00,Building A,layout-abdbc2b5,layout-id-0e981ccc,1080,3,"$4,930","$5,178","$5,329",$4.56,$4.79,$4.93,0,2,Immediate
2026-08-24T13:59:42+00:00,Building A,layout-adfa2b24,layout-id-1a6c397d,546,1,"$3,104","$3,104","$3,104",$5.68,$5.68,$5.68,0,1,Immediate
2026-08-24T13:59:42+00:00,Building A,layout-4e808094,layout-id-1f421da1,779,1,"$3,753","$3,753","$3,753",$4.82,$4.82,$4.82,0,0,Sep 18
2026-08-24T13:59:42+00:00,Building A,layout-08d1623c,layout-id-7ae69929,1605,1,"$7,532","$7,532","$7,532",$4.69,$4.69,$4.69,0,0,Oct 20
2026-08-24T13:59:42+00:00,Building A,layout-44d6a8a7,layout-id-9d709221,618,2,"$3,204","$3,238","$3,272",$5.18,$5.23,$5.29,0,1,Immediate
2026-08-24T13:59:42+00:00,Building A,layout-16a36e86,layout-id-af1e9cfa,767,7,"$3,663","$3,842","$3,922",$4.78,$5.01,$5.11,0,0,Immediate
2026-08-24T13:59:42+00:00,Building A,layout-c8361f9b,layout-id-af2a3fbd,709,1,"$3,824","$3,824","$3,824",$5.39,$5.39,$5.39,0,0,Immediate
2026-08-24T13:59:42+00:00,Building A,layout-0892a10e,layout-id-bf2217a4,457,1,"$2,799","$2,799","$2,799",$6.12,$6.12,$6.12,0,0,Oct 24
2026-08-24T13:59:42+00:00,Building A,layout-0cd20d37,layout-id-fd556c01,1117,2,"$5,029","$5,089.50","$5,150",$4.50,$4.55,$4.61,0,1,Immediate
2026-08-25T13:53:12+00:00,Building A,layout-abdbc2b5,layout-id-0e981ccc,1080,3,"$4,909","$5,156","$5,329",$4.55,$4.77,$4.93,0,2,Immediate
2026-08-25T13:53:12+00:00,Building A,layout-adfa2b24,layout-id-1a6c397d,546,1,"$3,094","$3,094","$3,094",$5.67,$5.67,$5.67,0,1,Immediate
2026-08-25T13:53:12+00:00,Building A,layout-4e808094,layout-id-1f421da1,779,1,"$3,753","$3,753","$3,753",$4.82,$4.82,$4.82,0,0,Sep 18
2026-08-25T13:53:12+00:00,Building A,layout-08d1623c,layout-id-7ae69929,1605,1,"$7,532","$7,532","$7,532",$4.69,$4.69,$4.69,0,0,Oct 20
2026-08-25T13:53:12+00:00,Building A,layout-44d6a8a7,layout-id-9d709221,618,2,"$3,204","$3,232.50","$3,261",$5.18,$5.23,$5.28,0,1,Immediate
2026-08-25T13:53:12+00:00,Building A,layout-16a36e86,layout-id-af1e9cfa,767,7,"$3,663","$3,830","$3,922",$4.78,$4.99,$5.11,0,1,Immediate
2026-08-25T13:53:12+00:00,Building A,layout-c8361f9b,layout-id-af2a3fbd,709,1,"$3,824","$3,824","$3,824",$5.39,$5.39,$5.39,0,0,Immediate
2026-08-25T13:53:12+00:00,Building A,layout-0892a10e,layout-id-bf2217a4,457,2,"$2,789","$2,794","$2,799",$6.10,$6.11,$6.12,1,0,Oct 24
2026-08-25T13:53:12+00:00,Building A,layout-0cd20d37,layout-id-fd556c01,1117,2,"$5,007","$5,078.50","$5,150",$4.48,$4.54,$4.61,0,1,Immediate
2026-08-26T13:56:41+00:00,Building A,layout-abdbc2b5,layout-id-0e981ccc,1080,3,"$5,077","$5,325","$5,525",$4.70,$4.93,$5.12,0,0,Immediate
2026-08-26T13:56:41+00:00,Building A,layout-adfa2b24,layout-id-1a6c397d,546,1,"$3,084","$3,084","$3,084",$5.65,$5.65,$5.65,0,1,Immediate
2026-08-26T13:56:41+00:00,Building A,layout-4e808094,layout-id-1f421da1,779,1,"$3,653","$3,653","$3,653",$4.69,$4.69,$4.69,0,1,Sep 18
2026-08-26T13:56:41+00:00,Building A,layout-08d1623c,layout-id-7ae69929,1605,1,"$7,532","$7,532","$7,532",$4.69,$4.69,$4.69,0,0,Oct 20
2026-08-26T13:56:41+00:00,Building A,layout-44d6a8a7,layout-id-9d709221,618,2,"$3,204","$3,227","$3,250",$5.18,$5.22,$5.26,0,1,Immediate
2026-08-26T13:56:41+00:00,Building A,layout-16a36e86,layout-id-af1e9cfa,767,7,"$3,574","$3,718","$3,833",$4.66,$4.85,$5.00,0,7,Immediate
2026-08-26T13:56:41+00:00,Building A,layout-c8361f9b,layout-id-af2a3fbd,709,1,"$3,731","$3,731","$3,731",$5.26,$5.26,$5.26,0,1,Immediate
2026-08-26T13:56:41+00:00,Building A,layout-0892a10e,layout-id-bf2217a4,457,2,"$2,789","$2,794","$2,799",$6.10,$6.11,$6.12,0,0,Oct 24
2026-08-26T13:56:41+00:00,Building A,layout-0cd20d37,layout-id-fd556c01,1117,2,"$5,176","$5,261","$5,346",$4.63,$4.71,$4.79,0,0,Immediate
2026-08-27T22:52:20+00:00,Building A,layout-abdbc2b5,layout-id-0e981ccc,1080,3,"$5,055","$5,302","$5,525",$4.68,$4.91,$5.12,0,2,Immediate
2026-08-27T22:52:20+00:00,Building A,layout-adfa2b24,layout-id-1a6c397d,546,1,"$2,876","$2,876","$2,876",$5.27,$5.27,$5.27,0,1,Immediate
2026-08-27T22:52:20+00:00,Building A,layout-4e808094,layout-id-1f421da1,779,1,"$3,653","$3,653","$3,653",$4.69,$4.69,$4.69,0,0,Sep 18
2026-08-27T22:52:20+00:00,Building A,layout-08d1623c,layout-id-7ae69929,1605,1,"$7,532","$7,532","$7,532",$4.69,$4.69,$4.69,0,0,Oct 20
2026-08-27T22:52:20+00:00,Building A,layout-44d6a8a7,layout-id-9d709221,618,2,"$2,947","$2,996.50","$3,046",$4.77,$4.85,$4.93,0,2,Immediate
2026-08-27T22:52:20+00:00,Building A,layout-16a36e86,layout-id-af1e9cfa,767,7,"$3,489","$3,702","$3,822",$4.55,$4.83,$4.98,0,5,Immediate
2026-08-27T22:52:20+00:00,Building A,layout-c8361f9b,layout-id-af2a3fbd,709,1,"$3,724","$3,724","$3,724",$5.25,$5.25,$5.25,0,1,Immediate
2026-08-27T22:52:20+00:00,Building A,layout-0892a10e,layout-id-bf2217a4,457,2,"$2,589","$2,594","$2,599",$5.67,$5.68,$5.69,0,2,Oct 24
2026-08-27T22:52:20+00:00,Building A,layout-0cd20d37,layout-id-fd556c01,1117,2,"$5,153","$5,249.50","$5,346",$4.61,$4.70,$4.79,0,1,Immediate
2026-08-28T22:56:52+00:00,Building A,layout-abdbc2b5,layout-id-0e981ccc,1080,3,"$5,215","$5,460","$5,715",$4.83,$5.06,$5.29,0,0,Immediate
2026-08-28T22:56:52+00:00,Building A,layout-adfa2b24,layout-id-1a6c397d,546,1,"$2,867","$2,867","$2,867",$5.25,$5.25,$5.25,0,1,Immediate
2026-08-28T22:56:52+00:00,Building A,layout-4e808094,layout-id-1f421da1,779,1,"$3,653","$3,653","$3,653",$4.69,$4.69,$4.69,0,0,Sep 18
2026-08-28T22:56:52+00:00,Building A,layout-08d1623c,layout-id-7ae69929,1605,1,"$7,532","$7,532","$7,532",$4.69,$4.69,$4.69,0,0,Oct 20
2026-08-28T22:56:52+00:00,Building A,layout-44d6a8a7,layout-id-9d709221,618,2,"$2,947","$2,991.50","$3,036",$4.77,$4.84,$4.91,0,1,Immediate
2026-08-28T22:56:52+00:00,Building A,layout-16a36e86,layout-id-af1e9cfa,767,6,"$3,489","$3,609.50","$3,822",$4.55,$4.70,$4.98,0,1,Immediate
2026-08-28T22:56:52+00:00,Building A,layout-c8361f9b,layout-id-af2a3fbd,709,1,"$3,724","$3,724","$3,724",$5.25,$5.25,$5.25,0,0,Immediate
2026-08-28T22:56:52+00:00,Building A,layout-0892a10e,layout-id-bf2217a4,457,2,"$2,589","$2,594","$2,599",$5.67,$5.68,$5.69,0,0,Oct 24
2026-08-28T22:56:52+00:00,Building A,layout-0cd20d37,layout-id-fd556c01,1117,2,"$5,312","$5,423.50","$5,535",$4.76,$4.86,$4.96,0,0,Immediate
