timestamp,apartment,status,floorplan_count,unit_count
2026-07-12T21:24:20+00:00,Building A,complete,5,16
2026-07-12T21:31:59+00:00,Building A,complete,5,16
2026-07-12T21:36:02+00:00,Building A,complete,5,16
2026-07-13T15:44:31+00:00,Building A,complete,5,16
2026-07-14T14:56:04+00:00,Building A,complete,6,17
2026-07-15T14:55:10+00:00,Building A,complete,6,17
2026-07-16T00:41:35+00:00,Building A,complete,6,16
2026-07-16T00:45:11+00:00,Building A,complete,6,16
2026-07-16T15:05:23+00:00,Building A,complete,6,16
2026-07-17T14:45:54+00:00,Building A,complete,6,17
2026-07-18T14:21:01+00:00,Building A,complete,6,17
2026-07-19T14:24:31+00:00,Building A,complete,7,18
2026-07-20T15:13:33+00:00,Building A,complete,7,18
2026-07-21T15:06:05+00:00,Building A,complete,7,18
2026-07-21T19:25:53+00:00,Building A,complete,7,18
2026-07-21T19:48:31+00:00,Building A,complete,7,18
2026-07-21T19:52:25+00:00,Building A,complete,7,18
2026-07-21T20:24:51+00:00,Building A,complete,7,18
2026-07-21T20:26:12+00:00,Building A,complete,7,18
2026-07-21T20:32:23+00:00,Building A,complete,7,18
2026-07-22T00:40:24+00:00,Building A,complete,7,18
2026-07-22T15:07:33+00:00,Building A,complete,7,18
2026-07-22T22:58:26+00:00,Building A,complete,7,18
2026-07-22T23:06:11+00:00,Building A,complete,7,18
2026-07-22T23:39:46+00:00,Building A,complete,7,18
2026-07-22T23:47:21+00:00,Building A,complete,7,18
2026-07-23T15:11:21+00:00,Building A,complete,7,18
2026-07-24T14:58:56+00:00,Building A,complete,7,18
2026-07-25T14:38:47+00:00,Building A,complete,7,18
2026-07-26T14:38:20+00:00,Building A,complete,7,18
2026-07-27T15:44:29+00:00,Building A,complete,7,18
2026-07-28T15:23:38+00:00,Building A,complete,6,16
2026-07-29T15:31:01+00:00,Building A,complete,7,16
2026-07-30T15:13:23+00:00,Building A,complete,7,16
2026-07-31T15:22:09+00:00,Building A,complete,7,16
2026-08-01T14:36:07+00:00,Building A,complete,7,16
2026-08-02T14:37:40+00:00,Building A,complete,7,16
2026-08-03T15:45:19+00:00,Building A,complete,7,16
2026-08-04T15:25:44+00:00,Building A,complete,8,17
2026-08-05T15:17:21+00:00,Building A,complete,8,15
2026-08-07T14:14:09+00:00,Building A,complete,8,15
2026-08-08T13:48:33+00:00,Building A,complete,8,17
2026-08-09T13:52:03+00:00,Building A,complete,8,17
2026-08-10T14:20:47+00:00,Building A,complete,8,17
2026-08-11T14:21:02+00:00,Building A,complete,8,17
2026-08-12T14:21:40+00:00,Building A,complete,8,17
2026-08-13T14:22:48+00:00,Building A,complete,8,17
2026-08-14T14:16:26+00:00,Building A,complete,8,17
2026-08-15T13:32:54+00:00,Building A,complete,8,17
2026-08-16T13:33:35+00:00,Building A,complete,8,17
2026-08-17T13:41:00+00:00,Building A,complete,8,17
2026-08-18T13:45:16+00:00,Building A,complete,8,18
2026-08-19T13:47:22+00:00,Building A,complete,8,18
2026-08-20T13:50:16+00:00,Building A,complete,9,19
2026-08-21T13:48:37+00:00,Building A,complete,9,19
2026-08-22T13:33:53+00:00,Building A,complete,9,19
